ID,Brand,Model,selling_price,actual_price,average_rating,RAM,SSD,operating_system,display_size
2,ASUS,ROG Flow Z13 (2022) Core i9 12th Gen - (16 GB/1 TB SSD/Windows 11 Home/4 GB Graphics/NVIDIA GeFor...,321990,383990,0,16,1000,Windows 11,34.04 cm (13.4 Inch) Touchscreen Display
5,ASUS,Core i9 10th Gen - (32 GB/1 TB SSD/Windows 10 Home/6 GB Graphics/NVIDIA GeForce RTX 2060) UX581LV...,269990,326990,4.8,32,1000,Windows 10,39.62 cm (15.6 inch) Touchscreen Display
8,Lenovo,Legion 7i Core i7 10th Gen - (16 GB/1 TB SSD/Windows 10 Home/8 GB Graphics/NVIDIA GeForce RTX 2...,249990,349890,0,16,1000,Windows 10,39.62 cm (15.6 inch) Display
11,ASUS,ROG Zephyrus S15 Core i7 10th Gen - (32 GB/1 TB SSD/Windows 10 Home/8 GB Graphics/NVIDIA GeForce ...,234990,324990,0,32,1000,Windows 10,39.62 cm (15.6 inch) Display
14,ASUS,ROG Strix Scar 15 (2022) Core i9 12th Gen - (32 GB/1 TB SSD/Windows 11 Home/8 GB Graphics/NVIDIA ...,229990,275990,0,32,1000,Windows 11,39.62 cm (15.6 inch) Display
17,APPLE,2021 Macbook Pro M1 Pro - (16 GB/1 TB SSD/Mac OS Monterey) MKGQ3HN/A,225990,239900,4.8,,1000,Mac,36.07 cm (14.2 inch) Display
20,ASUS,ZenBook Pro 15 Core i9 8th Gen - (16 GB/1 TB SSD/Windows 10 Home/4 GB Graphics) UX580GE-E2032T La...,209690,209990,5,16,1000,Windows 10,39.62 cm (15.6 inch) Touchscreen Display
23,MSI,Creator Z16 Core i9 11th Gen - (16 GB/1 TB SSD/Windows 10 Home/6 GB Graphics/NVIDIA GeForce RTX 30...,199990,257990,0,16,1000,Windows 10,40.64 cm (16 inch) Display
26,acer,Predator Helios 300 Core i7 12th Gen - (16 GB/1 TB SSD/Windows 11 Home/8 GB Graphics/NVIDIA GeFor...,189990,199999,0,16,1000,Windows 11,39.62 cm (15.6 Inch) Display
29,ASUS,ROG Flow Z13 (2022) Core i9 12th Gen - (16 GB/1 TB SSD/Windows 11 Home/4 GB Graphics/NVIDIA GeFor...,181990,215990,0,16,1000,Windows 11,34.04 cm (13.4 Inch) Touchscreen Display
32,MSI,Core i7 12th Gen - (16 GB/1 TB SSD/Windows 11 Home/8 GB Graphics/NVIDIA GeForce RTX 3070) Crosshai...,179990,190990,0,16,1000,Windows 11,39.62 cm (15.6 inch) Display
35,ASUS,ZenBook Pro 15 Core i7 8th Gen - (16 GB/1 TB SSD/Windows 10 Home/4 GB Graphics) UX580GE-E2014T La...,175190,0,4.8,16,1000,Windows 10,39.62 cm (15.6 inch) Touchscreen Display
38,APPLE,MacBook Pro with Touch Bar Core i5 10th Gen - (16 GB/1 TB SSD/Mac OS Catalina) MWP52HN/A,174990,194900,4.7,16,1000,Mac,33.02 cm (13 inch) Display
41,ASUS,ExpertBook B9 Core i7 10th Gen - (16 GB/1 TB SSD/Windows 10 Pro) ExpertBook B9 B9450FA Thin and L...,167990,202990,0,16,1000,Windows 10,35.56 cm (14 inch) Display
44,Lenovo,Core i7 10th Gen - (16 GB/512 GB SSD/Windows 10/2 GB Graphics) 20S0S1MC00 Business Laptop,165999,206997,0,16,512,Windows 10,30.48 cm (12 inch) Display
47,ASUS,Core i7 12th Gen - (16 GB/1 TB SSD/Windows 11 Home/8 GB Graphics/NVIDIA GeForce RTX RTX 3070 8GB ...,164990,188990,0,16,1000,Windows 11,39.62 cm (15.6 inch) Display
50,HP,Spectre x360 Core i7 10th Gen - (16 GB/512 GB SSD/Windows 10 Pro) 13-aw0205tu 2 in 1 Laptop,162990,192977,3.3,16,512,Windows 10,33.78 cm (13.3 inch) Touchscreen Display
53,Lenovo,Legion 5 Pro Core i7 11th Gen - (16 GB/1 TB SSD/Windows 11 Home/6 GB Graphics/NVIDIA GeForce RT...,157990,224490,4.6,16,1000,Windows 11,40.64 cm (16 inch) Display
56,Lenovo,ThinkPad Core i5 10th Gen - (16 GB/512 GB HDD/512 GB SSD/Windows 10 Pro) T14 Thin and Light Lap...,155411,0,0,16,512,Windows 10,35.56 cm (14 Inch) Touchscreen Display
59,MSI,Summit E15 Core i7 11th Gen - (16 GB/1 TB SSD/Windows 10 Pro/4 GB Graphics) Summit E15 A11SCST-272...,154990,156990,4,16,1000,Windows 10,39.62 cm (15.6 inch) Touchscreen Display
62,DELL,XPS Core i7 9th Gen - (8 GB/512 GB SSD/Windows 10 Home/4 GB Graphics) XPS 7590 Laptop,150990,169900,0,8,512,Windows 10,39.62 cm (15.6 inch) Display
65,APPLE,MacBook Pro M1 - (8 GB/1 TB SSD/Mac OS Big Sur) Z11B0008S,149990,163900,4.7,8,1000,Mac,33.78 cm (13.3 inch) Display
68,APPLE,2022 MacBook Pro M2 - (8 GB/512 GB SSD/Mac OS Monterey) MNEQ3HN/A,149900,0,0,,512,Mac,33.78 cm (13.3 Inch) Display
71,ASUS,ROG Strix G15 (2022) Ryzen 7 Octa Core 6800H - (16 GB/1 TB SSD/Windows 11 Home/6 GB Graphics/NVID...,148990,182990,0,16,1000,Windows 11,39.62 cm (15.6 inch) Display
74,ASUS,Zenbook S 13 Ryzen 7 Octa Core 6800U - (16 GB/1 TB SSD/Windows 11 Home) UM5302TA-LX702WS Thin and...,146990,0,0,16,1000,Windows 11,33.78 cm (13.3 Inch) Touchscreen Display
77,acer,Predator Helios 300 Core i9 11th Gen - (16 GB/1 TB SSD/Windows 11 Home/6 GB Graphics/NVIDIA GeFor...,144990,169999,5,16,1000,Windows 11,39.62 cm (15.6 Inch) Display
80,ASUS,Core i7 12th Gen - (16 GB/1 TB SSD/Windows 11 Home/6 GB Graphics/NVIDIA GeForce RTX RTX3060- 6GB)...,144000,165000,0,16,1000,Windows 11,39.62 cm (15.6 inch) Display
83,ASUS,TUF Gaming F15 (2022) Core i7 12th Gen - (16 GB/1 TB SSD/Windows 11 Home/6 GB Graphics/NVIDIA GeF...,142990,169990,0,16,1000,Windows 11,39.62 cm (15.6 inch) Display
86,Lenovo,Thinkbook Core i7 11th Gen - (16 GB/512 GB SSD/Windows 10 Home) TB15 ITL G2 Thin and Light Lapt...,140131,0,4.2,16,512,Windows 10,38.1 cm (15 inch) Display
89,ASUS,ROG Zephyrus G15 Ryzen 9 Octa Core 5900HS - (16 GB/1 TB SSD/Windows 10 Home/6 GB Graphics/NVIDIA ...,139990,187990,4.3,16,1000,Windows 10,39.62 cm (15.6 inch) Display
92,HP,OMEN Ryzen 9 Octa Core 5900H - (16 GB/1 TB SSD/Windows 10 Home/8 GB Graphics/AMD Radeon RX 6600M) 1...,139980,159999,0,16,1000,Windows 10,40.89 cm (16.1 inch) Display
95,ASUS,TUF Gaming F17 (2022) Core i7 12th Gen - (16 GB/1 TB SSD/Windows 11 Home/6 GB Graphics/NVIDIA GeF...,137990,163990,0,16,1000,Windows 11,43.94 cm (17.3 inch) Display
98,HP,Spectre x360 Core i5 8th Gen - (8 GB/256 GB SSD/Windows 10 Pro) 13-ap0121TU 2 in 1 Laptop,136590,151133,0,8,256,Windows 10,33.78 cm (13.3 inch) Touchscreen Display
101,HP,Omen Core i7 11th Gen - (16 GB/1 TB SSD/Windows 11 Home/6 GB Graphics/NVIDIA GeForce RTX RTX 3060) ...,134090,155442,0,16,1000,Windows 11,40.89 cm (16.1 Inch) Display
104,ASUS,ExpertBook B9 Core i5 10th Gen - (8 GB/512 GB SSD/Windows 10 Pro) ExpertBook B9 B9450FA Thin and ...,132790,172990,0,8,512,Windows 10,35.56 cm (14 inch) Display
107,MSI,GP65 Leopard Core i7 10th Gen - (16 GB/1 TB HDD/256 GB SSD/Windows 10 Home/6 GB Graphics/NVIDIA Ge...,132490,145990,4.5,16,1000,Windows 10,"15.6 inches Full HD IPS Thin Bezel Display (144Hz, 45% NTSC Color Gamut)"
110,DELL,G15 Core i7 11th Gen - (16 GB/1 TB SSD/Windows 10/6 GB Graphics/NVIDIA GeForce RTX 3060/120 Hz) G...,130990,156404,0,16,1000,Windows 10,39.62 cm (15.6 inch) Display
113,acer,Predator Helios 300 Core i5 7th Gen - (8 GB/1 TB HDD/128 GB SSD/Windows 10 Home/4 GB Graphics/NVI...,129999,0,4.5,8,128,Windows 10,39.62 cm (15.6 inch) Display
116,ASUS,ROG Zephyrus G15 (2020) Ryzen 9 Octa Core 4900HS - (16 GB/1 TB SSD/Windows 10 Home/6 GB Graphics/...,129990,159990,4.4,16,1000,Windows 10,39.62 cm (15.6 inch) Display
119,ASUS,Ryzen 9 Octa Core 11th Gen - (16 GB/1 TB SSD/Windows 10 Home/6 GB Graphics/NVIDIA GeForce RTX RTX...,129990,210990,0,16,1000,Windows 10,35.56 cm (14 inch) Display
122,ASUS,ROG Flow X13 Ryzen 9 Octa Core 5900HS - (16 GB/1 TB SSD/Windows 10 Home/4 GB Graphics/NVIDIA GeFo...,128000,175990,4.1,16,1000,Windows 10,34.04 cm (13.4 inch) Touchscreen Display
125,ASUS,TUF Gaming A17 (2022) Ryzen 7 Octa Core 6800H - (16 GB/1 TB SSD/Windows 11 Home/6 GB Graphics/NVI...,125990,153990,0,16,1000,Windows 11,43.94 cm (17.3 Inch) Display
128,Lenovo,ThinkPad Core i5 10th Gen - (8 GB/512 GB HDD/512 GB SSD/Windows 10 Pro) T14 Thin and Light Lapt...,125394,146680,0,8,512,Windows 10,35.56 cm (14 Inch) Touchscreen Display
131,ASUS,TUF Gaming F17 (2022) Core i7 12th Gen - (16 GB/1 TB SSD/Windows 11 Home/4 GB Graphics/NVIDIA GeF...,123990,147990,0,16,1000,Windows 11,43.94 cm (17.3 Inch) Display
134,DELL,XPS 13 Core i7 8th Gen - (16 GB/512 GB SSD/Windows 10 Home) 9370 Thin and Light Laptop,122490,139104,1.7,16,512,Windows 10,33.78 cm (13.3 inch) Display
137,MSI,Stealth 15M Core i7 11th Gen - (16 GB/1 TB SSD/Windows 10 Home/6 GB Graphics/NVIDIA GeForce RTX 30...,120990,162990,4.2,16,1000,Windows 10,39.62 cm (15.6 inch) Display
140,acer,Spin 7 Core i7 7th Gen - (8 GB/256 GB SSD/Windows 10 Home) SP714-51 Laptop,119990,124900,4,8,256,Windows 10,35.56 cm (14 inch) Touchscreen Display
143,ASUS,ASUS TUF Dash Series Core i7 11th Gen - (16 GB/1 TB SSD/Windows 10 Home/6 GB Graphics/NVIDIA GeFo...,119980,175000,0,16,1000,Windows 10,39.62 cm (15.6 inch) Display
146,Lenovo,Legion 5 Core i7 11th Gen - (16 GB/512 GB SSD/Windows 10 Home/4 GB Graphics/NVIDIA GeForce RTX ...,117990,153490,4.1,16,512,Windows 10,39.62 cm (15.6 inch) Display
149,APPLE,2020 Macbook Pro M1 - (8 GB/256 GB SSD/Mac OS Big Sur) MYD82HN/A,116990,122900,4.7,8,256,Mac,33.78 cm (13.3 inch) Display
152,acer,Core i7 6th Gen - (16 GB/1 TB HDD/128 GB SSD/Windows 10 Home/4 GB Graphics/NVIDIA GeForce GTX 980...,116640,0,0,16,128,Windows 10,39.62 cm (15.6 inch) Display
155,ASUS,ZenBook Duo 14 (2021) Touch Panel Core i5 11th Gen - (16 GB/512 GB SSD/Windows 11 Home/2 GB Graph...,114990,166368,0,16,512,Windows 11,35.56 cm (14 inch) Touchscreen Display
158,ASUS,Ryzen 9 Octa Core 5900HX - (16 GB/1 TB SSD/Windows 11 Home/4 GB Graphics/NVIDIA GeForce RTX 3050 ...,114990,149990,0,16,1000,Windows 11,35.56 cm (14 inch) Display
161,DELL,Ryzen 7 Octa Core 5800H - (16 GB/512 GB SSD/Windows 11 Home/6 GB Graphics/NVIDIA GeForce RTX 3060...,114990,151940,4.2,16,512,Windows 11,39.62 cm (15.6 inch) Display
164,ASUS,ROG Strix G15 (2022) Ryzen 7 Octa Core 6800H - (16 GB/1 TB SSD/Windows 11 Home/4 GB Graphics/NVID...,112990,142990,4.8,16,1000,Windows 11,39.62 cm (15.6 Inch) Display
167,APPLE,2020 Macbook Air M1 - (8 GB/512 GB SSD/Mac OS Big Sur) MGNA3HN/A,112490,117900,4.7,8,512,Mac,33.78 cm (13.3 inch) Display
170,ASUS,ROG Strix G15 (2022) Ryzen 7 Octa Core - (16 GB/512 GB SSD/Windows 11 Home/4 GB Graphics/NVIDIA G...,111990,132990,0,16,512,Windows 11,39.62 cm (15.6 Inch) Display
173,ASUS,Zenbook S 13 Ryzen 5 Hexa Core 6600U - (16 GB/512 GB SSD/Windows 11 Home) UM5302TA-LX502WS Thin a...,110000,139000,0,16,512,Windows 11,33.78 cm (13.3 Inch) Touchscreen Display
176,ASUS,ROG Flow X13 (2021) Ryzen 9 Octa Core 5900HS - (16 GB/1 TB SSD/Windows 10 Home/4 GB Graphics/NVID...,109990,175990,4.5,16,1000,Windows 10,34.04 cm (13.4 Inch) Touchscreen Display
179,DELL,XPS Core i5 11th Gen Intel EVO - (8 GB/512 GB SSD/Windows 10 Home) XPS 9310 Thin and Light Laptop,109590,155720,0,8,512,Windows 10,33.78 cm (13.3 inch) Display
182,HP,Envy Core i5 10th Gen - (16 GB/512 GB SSD/Windows 10 Home/4 GB Graphics) 15-ep0011TX Laptop,107490,138366,4.7,16,512,Windows 10,39.62 cm (15.6 inch) Display
185,APPLE,MacBook Air M1 - (8 GB/512 GB SSD/Mac OS Big Sur) Z12400092,106990,110900,4.7,8,512,Mac,33.78 cm (13.3 inch) Display
188,ASUS,ZenBook Duo 14 (2021) Touch Panel Core i5 11th Gen - (16 GB/512 GB SSD/Windows 10 Home/2 GB Graph...,105990,140990,4.4,16,512,Windows 10,35.56 cm (14 inch) Touchscreen Display
191,ASUS,Core i7 11th Gen - (16 GB/512 GB SSD/Windows 11 Home) UX363EA-HP702WS Thin and Light Laptop,104990,159288,0,16,512,Windows 11,33.78 cm (13.3 Inch) Touchscreen Display
194,DELL,G15 Core i7 12th Gen - (16 GB/512 GB SSD/Windows 11 Home/4 GB Graphics/NVIDIA GeForce RTX 3050 Ti...,104990,131067,3.7,16,512,Windows 11,39.62 cm (15.6 Inch) Display
197,APPLE,MacBook Air Core i5 10th Gen - (8 GB/512 GB SSD/Mac OS Catalina) MVH22HN/A,104990,122990,4.5,8,512,Mac,33.78 cm (13.3 inch) Display
200,DELL,G15 Core i7 11th Gen - (16 GB/512 GB SSD/Windows 11 Home/4 GB Graphics/NVIDIA GeForce RTX 3050 Ti...,103990,131719,0,16,512,Windows 11,39.62 cm (15.6 inch) Display
203,DELL,7000 Series Core i7 12th Gen - (16 GB/512 GB SSD/Windows 11 Home/2 GB Graphics) New Inspiron 7420...,102990,123494,0,16,512,Windows 11,35.56 cm (14 inch) Touchscreen Display
206,DELL,Inspiron Core i7 11th Gen - (16 GB/512 GB SSD/Windows 10) Inspiron 5410 2 in 1 Laptop,102500,105000,4.3,16,512,Windows 10,35.56 cm (14 Inch) Touchscreen Display
209,ASUS,Vivobook Pro Ryzen 9 Octa Core 5900HX - (8 GB/1 TB SSD/Windows 10 Home/4 GB Graphics/NVIDIA GeFor...,101990,149990,0,8,1000,Windows 10,35.56 cm (14 Inch) Display
212,Lenovo,Yoga 7i Ryzen 7 Octa Core R7-5800U 5th Gen - (16 GB/512 GB SSD/Windows 10 Home) 14ITL5 2 in 1 L...,101499,130090,0,16,512,Windows 10,35.56 cm (14 inch) Touchscreen Display
215,HP,Pavilion x360 Convertible Core i7 11th Gen - (16 GB/512 GB SSD/Windows 10 Home) 14-dy0050TU Thin an...,99999,105000,4.5,16,512,Windows 10,35.56 cm (14 inch) Touchscreen Display
218,acer,Swift X Ryzen 7 Octa Core 5800U - (16 GB/1 TB SSD/Windows 11 Home/4 GB Graphics) SFX14-41G Thin a...,99990,139999,0,16,1000,Windows 11,35.56 cm (14 inch) Display
221,ASUS,Core i5 11th Gen - (8 GB/1 TB SSD/Windows 10/1 GB Graphics/NVIDIA GeForce GTX INTEL) FX766HCB-HX1...,99990,116990,0,8,1000,Windows 10,43.94 cm (17.3 inch) Display
224,ASUS,ROG Flow X13 Ryzen 7 Octa Core 5800HS - (16 GB/1 TB SSD/Windows 10 Home/4 GB Graphics/NVIDIA GeFo...,99990,162990,4.4,16,1000,Windows 10,34.04 cm (13.4 inch) Touchscreen Display
227,ASUS,ROG Strix G15 Ryzen 9 Octa Core 5900HX - (16 GB/512 GB SSD/Windows 10 Home/4 GB Graphics/NVIDIA G...,99990,136990,4.4,16,512,Windows 10,39.62 cm (15.6 inch) Display
230,acer,ConceptD 5 Core i5 8th Gen - (8 GB/512 GB SSD/Windows 10 Home/4 GB Graphics) CN515-51 Thin and Li...,99500,119999,0,8,512,Windows 10,39.62 cm (15.6 inch) Display
233,ASUS,Pro P5 Core i7 8th Gen - (8 GB/1 TB HDD/256 GB SSD/Windows 10 Pro) Pro P5 P5440FA Thin and Light ...,98912,0,0,8,1000,Windows 10,35.56 cm (14 inch) Display
236,HP,Pavilion Gaming Core i7 11th Gen - (16 GB/512 GB SSD/Windows 10 Home/4 GB Graphics/NVIDIA GeForce R...,97899,113800,4.6,16,512,Windows 10,39.62 cm (15.6 Inch) Display
239,Lenovo,Yoga Slim 7 Intel EVO Core i7 11th Gen - (16 GB/1 TB SSD/Windows 10 Home) Yoga Slim 7 14ITL05b ...,96990,104033,4.4,16,1000,Windows 10,35.56 cm (14 inch) Touchscreen Display
242,ASUS,Ryzen 7 Octa Core 7th Gen - (16 GB/1 TB SSD/Windows 10 Home/4 GB Graphics/NVIDIA GeForce RTX NVID...,95000,145000,0,16,1000,Windows 10,34.04 cm (13.4 inch) Touchscreen Display
245,ASUS,ZenBook 13 (2021) OLED Core i7 11th Gen - (16 GB/1 TB SSD/Windows 10 Home) UX325EA-KG701TS Thin a...,94990,128990,4.6,16,1000,Windows 10,33.78 cm (13.3 inch) Display
248,ASUS,TUF Gaming F15 Core i7 11th Gen - (8 GB/1 TB SSD/Windows 10 Home/4 GB Graphics/NVIDIA GeForce RTX...,94990,127990,3,8,1000,Windows 10,39.62 cm (15.6 Inch) Display
251,Lenovo,Ideapad L340 Core i5 9th Gen - (8 GB/1 TB HDD/Windows 10 Home/4 GB Graphics/NVIDIA GeForce GTX ...,94949,97890,4.1,8,,Windows 10,39.62 cm (15.6 inch) Display
254,Lenovo,Thinpad E15 G2 Core i5 11th Gen - (8 GB/512 GB SSD/Windows 10 Pro/512 MB Graphics) E15 G2 Lapto...,93599,101525,0,8,512,Windows 10,39.62 cm (15.6 inch) Display
257,HP,HP Envy Ryzen 7 Octa Core 4700U - (16 GB/1 TB SSD/Windows 10 Home) 13-ay0508au Thin and Light Lapto...,92990,112671,3.7,16,1000,Windows 11,33.78 cm (13.3 inch) Touchscreen Display
260,DELL,Ryzen 7 Octa Core 5800H - (16 GB/512 GB SSD/Windows 11 Home/4 GB Graphics/NVIDIA GeForce RTX 3050...,92990,121935,0,16,512,Windows 11,"15.6 inch Full HD AG Display (250 nits Brightness, 120Hz, Narrow Border)"
263,APPLE,2020 Macbook Air M1 - (8 GB/256 GB SSD/Mac OS Big Sur) MGN63HN/A,92900,0,4.7,8,256,Mac,33.78 cm (13.3 inch) Display
266,APPLE,2020 Macbook Air M1 - (8 GB/256 GB SSD/Mac OS Big Sur) MGN93HN/A,92900,0,4.7,8,256,Mac,33.78 cm (13.3 inch) Display
269,MSI,GF65 Thin Core i7 10th Gen - (16 GB/1 TB SSD/Windows 10 Home/6 GB Graphics/NVIDIA GeForce RTX 3060...,91990,123990,4.4,16,1000,Windows 10,39.62 cm (15.6 inch) Display
272,Lenovo,IdeaPad 5 Pro Ryzen 7 Hexa Core - (16 GB/512 GB SSD/Windows 11 Home/4 GB Graphics/NVIDIA GeForc...,90999,137090,0,16,512,Windows 11,40.64 cm (16 Inch) Display
275,ASUS,ROG Strix G15 (2021) Ryzen 5 Hexa Core 5600H - (8 GB/1 TB SSD/Windows 10 Home/4 GB Graphics/NVIDI...,90490,114990,4.5,8,1000,Windows 10,39.62 cm (15.6 Inch) Display
278,ASUS,TUF Gaming A15 Ryzen 7 Octa Core 4800H - (8 GB/1 TB SSD/Windows 10 Home/4 GB Graphics/NVIDIA GeFo...,89990,105990,4.7,8,1000,Windows 10,39.62 cm (15.6 inch) Display
281,HP,Pavilion Gaming Core i7 11th Gen - (16 GB/512 GB SSD/Windows 10 Home/4 GB Graphics/NVIDIA GeForce G...,89800,107262,4.6,16,512,Windows 10,39.62 cm (15.6 inches) Display
284,HP,ProBook Core i5 11th Gen - (8 GB/512 GB SSD/Windows 10 Pro) 450 G8 Laptop,89251,99999,0,8,512,Windows 10,39.62 cm (15.6 inch) Display
287,ASUS,ASUS TUF Dash Series Core i5 11th Gen - (16 GB/512 GB SSD/Windows 10 Home/6 GB Graphics/NVIDIA Ge...,88990,129990,0,16,512,Windows 10,39.62 cm (15.6 inch) Display
290,Lenovo,Ideapad 520 Core i5 8th Gen - (16 GB/2 TB HDD/Windows 10 Home/4 GB Graphics) 520-15IKB Laptop,87949,89000,5,16,,Windows 10,39.62 cm (15.6 inch) Display
293,ASUS,ZenBook 13 (2022) Core i7 11th Gen - (16 GB/512 GB SSD/Windows 10 Home) UX325EA-KG722TS Thin and ...,87700,122990,0,16,512,Windows 10,33.78 cm (13.3 inch) Display
296,HP,Envy 13 x360 Ryzen 5 Hexa Core 4500U - (16 GB/512 GB SSD/Windows 11 Home) 13-ay0533AU Thin and Ligh...,87000,91000,4.7,16,512,Windows 11,33.78 cm (13.3 inch) Touchscreen Display
299,acer,Swift 7 Core i5 7th Gen - (8 GB/256 GB SSD/Windows 10 Home) SF713-51 Thin and Light Laptop,86867,99999,4.4,8,256,Windows 10,33.78 cm (13.3 inch) Display
302,ASUS,Pro P5 Core i5 8th Gen - (8 GB/512 GB SSD/Windows 10 Pro) Pro P5 P5440FA Thin and Light Laptop,85990,88990,0,8,512,Windows 10,35.56 cm (14 inch) Display
305,Lenovo,ThinkBook 13s Core i7 11th Gen - (16 GB/1 TB SSD/Windows 10 Home) TB13s ITL Gen 2 Thin and Ligh...,85990,148158,3.6,16,1000,Windows 10,33.02 cm (13 inch) Display
308,HP,Omen Ryzen 7 Octa Core 4800H - (8 GB/512 GB SSD/Windows 10 Home/4 GB Graphics/NVIDIA GeForce GTX 16...,85949,87989,4.7,8,512,Windows 10,39.62 cm (15.6 inch) Display
311,HP,Envy x360 Ryzen 5 Hexa Core 4500U - (8 GB/512 GB SSD/Windows 10 Pro) 13-ay0078AU 2 in 1 Laptop,85555,110000,0,8,512,Windows 10,33.78 cm (13.3 inch) Touchscreen Display
314,ASUS,VivoBook S15 Core i7 10th Gen - (8 GB/512 GB SSD/Windows 10 Home/2 GB Graphics) S532FL-BQ701T Lap...,84999,96990,0,8,512,Windows 10,39.62 cm (15.6 inch) Display
317,ASUS,TUF Dash F15 Core i5 11th Gen - (16 GB/512 GB SSD/Windows 10 Home/6 GB Graphics/NVIDIA GeForce RT...,84990,129990,4.4,16,512,Windows 10,39.62 cm (15.6 inch) Display
320,ASUS,ZenBook Core i7 11th Gen - (16 GB/512 GB SSD/Windows 11 Home) UX325EA-KG722WS Thin and Light Lapt...,84990,122990,0,16,512,Windows 11,33.78 cm (13.3 Inch) Display
323,Lenovo,IdeaPad Flex 5 Core i7 11th Gen - (16 GB/512 GB SSD/Windows 10 Home) 14ITL05 2 in 1 Laptop,84490,119445,4.4,16,512,Windows 10,35.56 cm (14 inch) Touchscreen Display
326,MSI,GF65 Thin Hexa Core i5 10th Gen - (16 GB/512 GB SSD/Windows 10 Home/6 GB Graphics/NVIDIA GeForce R...,83990,106990,4.6,16,512,Windows 10,39.62 cm (15.6 inch) Display
329,DELL,G3 15 3000 Series Core i5 8th Gen - (8 GB + 16 GB Optane/1 TB HDD/Windows 10 Home/4 GB Graphics/N...,83218,0,4.4,8,,Windows 10,39.62 cm (15.6 inch) Display
332,DELL,Inspiron 7000 Core i5 10th Gen - (8 GB/512 GB SSD/Windows 10 Home/2 GB Graphics) 7490 Thin and Li...,82990,107786,3.8,8,512,Windows 10,35.56 cm (14 inch) Display
335,ASUS,ZenBook 13 Core i7 8th Gen - (8 GB/512 GB SSD/Windows 10 Home) UX333FA-A4115T Thin and Light Lapt...,82990,102990,4.3,8,512,Windows 10,33.78 cm (13.3 inch) Display
338,acer,Swift 5 Core i5 8th Gen - (8 GB/256 GB SSD/Windows 10 Home) SF514-52T Thin and Light Laptop,81998,82799,4,8,256,Windows 10,35.56 cm (14 inch) Touchscreen Display
341,HP,Envy Core i5 10th Gen - (8 GB/512 GB SSD/Windows 10 Home/2 GB Graphics) 13-ba0011tx Thin and Light ...,81990,103279,4.3,8,512,Windows 10,33.78 cm (13.3 inch) Touchscreen Display
344,ASUS,Ryzen 7 Quad Core 10th Gen - (8 GB/512 GB SSD/Windows 10 Home/4 GB Graphics/NVIDIA GeForce GTX GT...,81500,104000,0,8,512,Windows 10,43.94 cm (17.3 inch) Display
347,acer,Nitro 5 Ryzen 7 Octa Core 5800H - (16 GB/1 TB HDD/256 GB SSD/Windows 10 Home/4 GB Graphics/NVIDIA...,80990,119900,4.4,16,1000,Windows 10,39.62 cm (15.6 inch) Display
350,DELL,Inspiron Core i5 11th Gen - (16 GB/512 GB SSD/Windows 10/2 GB Graphics) Inspiron 5410 2 in 1 Lapt...,80990,94600,4.5,16,512,Windows 10,35.56 cm (14 Inch) Touchscreen Display
353,Lenovo,X390 Core i5 10th Gen - (8 GB/512 GB SSD/Windows 10 Pro) X390 Business Laptop,80000,0,0,8,512,Windows 10,33.78 cm (13.3 inch) Display
356,Lenovo,Yoga C640 Core i5 10th Gen - (8 GB/512 GB SSD/Windows 10 Home) C640-13IML 2 in 1 Laptop,79999,94599,4.4,8,512,Windows 10,33.78 cm (13.3 inch) Touchscreen Display
359,ASUS,Intel EVO Zenbook Flip 13 OLED Touch Panel Core i5 11th Gen - (8 GB/512 GB SSD/Windows 10 Home) U...,79990,138048,3.9,8,512,Windows 10,33.78 cm (13.3 inch) Touchscreen Display
362,ASUS,Zenbook Core i5 11th Gen - (8 GB/512 GB SSD/Windows 11 Home) UX363EA-HP502WS Thin and Light Lapto...,79990,130968,0,8,512,Windows 11,33.78 cm (13.3 Inch) Display
365,HP,Pavilion Gaming Ryzen 7 Octa Core 5800H - (16 GB/512 GB SSD/Windows 11 Home/4 GB Graphics/NVIDIA Ge...,79990,111108,3.5,16,512,Windows 11,39.62 cm (15.6 inch) Display
368,ASUS,ZenBook Core i5 11th Gen - (16 GB/512 GB SSD/Windows 11 Home) UX325EA-KG511WS Thin and Light Lapt...,79990,104990,0,16,512,Windows 11,33.78 cm (13.3 Inch) Display
371,HP,OMEN Ryzen 5 Hexa Core 5600H - (8 GB/512 GB SSD/Windows 11 Home/4 GB Graphics/NVIDIA GeForce GTX 16...,79690,87717,0,8,512,Windows 11,40.89 cm (16.1 inch) Display
374,DELL,Core i5 11th Gen - (8 GB/512 GB SSD/Windows 11 Home/2 GB Graphics) Inspiron 5410 2 in 1 Laptop,79190,106082,0,8,512,Windows 11,35.56 cm (14 inch) Touchscreen Display
377,DELL,Inspiron Core i5 11th Gen - (16 GB/512 GB SSD/Windows 10) Inspiron 5410 2 in 1 Laptop,78990,84900,3.6,16,512,Windows 10,35.56 cm (14 Inch) Touchscreen Display
380,ASUS,TUF Gaming F17 Core i5 11th Gen - (8 GB/1 TB SSD/Windows 10 Home/4 GB Graphics/NVIDIA GeForce RTX...,78990,115990,4.5,8,1000,Windows 10,43.94 cm (17.3 Inch) Display
383,ASUS,Core i5 11th Gen - (8 GB/1 TB SSD/Windows 10 Home/4 GB Graphics/NVIDIA GeForce RTX RTX3050-4G) FX...,78900,99500,0,8,1000,Windows 10,39.62 cm (15.6 inch) Display
386,ASUS,Strix G15 Ryzen 7 Octa Core AMD Ryzen™ 7 4800H 4th Gen - (8 GB/512 GB SSD/Windows 10 Home/4 GB Gr...,77990,93990,4.8,8,512,Windows 10,39.62 cm (15.6 inch) Display
389,DELL,G15 Ryzen 5 Hexa Core 5600H - (16 GB/512 GB SSD/Windows 10/4 GB Graphics/NVIDIA GeForce RTX 3050)...,77990,108000,4.7,16,512,Windows 10,39.62 cm (15.6 Inch) Display
392,Lenovo,Core i5 11th Gen - (16 GB/512 GB SSD/Windows 10 Home) E15 Laptop,77990,80366,4.5,16,512,Windows 10,39.62 cm (15.6 Inch) Display
395,HP,HP Envy Intel EVO Core i5 11th Gen - (16 GB/512 GB SSD/Windows 10 Home/2 GB Graphics) 13-ba1501TX T...,77490,99203,4.4,16,512,Windows 10,33.78 cm (13.3 inch) Touchscreen Display
398,MSI,Katana GF66 Core i5 11th Gen - (16 GB/512 GB SSD/Windows 10 Home/4 GB Graphics/NVIDIA GeForce RTX ...,76990,106990,4.5,16,512,Windows 10,39.62 cm (15.6 Inch) Display
401,LG,Gram 15 Core i5 10th Gen - (8 GB/256 GB SSD/Windows 10 Home) Gram 15Z90N Laptop,76990,104000,4.5,8,256,Windows 10,39.62 cm (15.6 inch) Display
404,LG,Gram Core i5 11th Gen - (8 GB/256 GB SSD/Windows 11 Home) Gram 14Z90P-G.AJ63A2 Thin and Light Lapto...,76990,106000,0,8,256,Windows 11,35.56 cm (14 inch) Display
407,ASUS,Core i5 12th Gen - (16 GB/512 GB SSD/Windows 11 Home) S3502ZA-L502WS Laptop,76900,89000,0,16,512,Windows 11,39.62 cm (15.6 inch) Display
410,HP,Pavilion Gaming Ryzen 7 Octa Core 4800H - (16 GB/1 TB HDD/256 GB SSD/Windows 10 Home/4 GB Graphics/...,76490,93565,4.5,16,1000,Windows 10,39.62 cm (15.6 inch) Display
413,HP,Pavilion 13 Core i5 8th Gen - (8 GB/128 GB SSD/Windows 10 Home) 13-an0045tu Thin and Light Laptop,76012,0,4.3,8,128,Windows 10,33.78 cm (13.3 inch) Display
416,Lenovo,Yoga 6 Ryzen 5 Hexa Core 5500U - (16 GB/512 GB SSD/Windows 10 Home) 13ALC6 Thin and Light Lapto...,75990,104890,0,16,512,Windows 10,33.78 cm (13.3 inch) Touchscreen Display
419,ASUS,AMD Rhyzen 5 5600U Ryzen 5 Octa Core 1115G4 11th Gen - (16 GB/512 GB SSD/Windows 10 Home) UM325SA...,75980,104990,0,16,512,Windows 10,33.78 cm (13.3 inch) Display
422,ASUS,Ryzen 7 Dual Core 7th Gen - (16 GB/512 GB HDD/512 GB SSD/Windows 11 Home/4 GB Graphics/NVIDIA GeF...,75900,103990,0,16,512,Windows 11,39.62 cm (15.6 inch) Display
425,DELL,G15 Core i5 10th Gen - (16 GB/512 GB SSD/Windows 10/4 GB Graphics/NVIDIA GeForce GTX 1650/120 Hz)...,75090,82553,4.5,16,512,Windows 10,39.62 cm (15.6 inches) Display
428,Lenovo,Legion 5 Ryzen 5 Hexa Core 5600H - (8 GB/512 GB SSD/Windows 10 Home/4 GB Graphics/NVIDIA GeForc...,74999,107690,4.6,8,512,Windows 10,39.62 cm (15.6 inch) Display
431,ASUS,Vivobook S14 OLED (2022) Intel EVO Core i5 12th Gen - (16 GB/512 GB SSD/Windows 11 Home) S3402ZA-...,74990,98990,4.6,16,512,Windows 11,35.56 cm (14 Inch) Display
434,ASUS,ROG Zephyrus G14 Ryzen 7 Octa Core 4800HS - (8 GB/1 TB SSD/Windows 10 Home/4 GB Graphics/NVIDIA G...,74990,123990,4.6,8,1000,Windows 10,35.56 cm (14 inch) Display
437,ASUS,ZenBook Core i5 11th Gen - (8 GB/512 GB SSD/Windows 11 Home) UX325EA-KG502WS Thin and Light Lapto...,74990,86990,4.2,8,512,Windows 11,33.78 cm (13.3 Inch) Display
440,Lenovo,Yoga Slim 7 Core i5 10th Gen - (8 GB/512 GB SSD/Windows 10 Home/2 GB Graphics) 14IIL05 Thin and...,74990,113290,4,8,512,Windows 10,35.56 cm (14 inch) Display
443,HP,Pavilion Gaming Ryzen 5 Hexa Core 5600H - (8 GB/512 GB SSD/Windows 11 Home/4 GB Graphics/NVIDIA GeF...,74800,89999,0,8,512,Windows 10,39.62 cm (15.6 Inch) Display
446,Lenovo,IdeaPad Gaming 3i Core i5 10th Gen - (8 GB/1 TB HDD/256 GB SSD/Windows 10 Home/4 GB Graphics/NV...,74590,109990,4.4,8,1000,Windows 10,39.62 cm (15.6 inch) Display
449,ASUS,ExpertBook B9 Core i5 10th Gen - (8 GB/512 GB SSD/Windows 10 Home) ExpertBook B9 B9450FA Thin and...,74000,141990,0,8,512,Windows 10,35.56 cm (14 inch) Display
452,Avita,Liber Core i7 8th Gen - (8 GB/256 GB SSD/Windows 10 Home) NS14A2IN247P Thin and Light Laptop,73990,79990,0,8,256,Windows 10,35.56 cm (14 inch) Display
455,Avita,Liber Core i7 8th Gen - (8 GB/256 GB SSD/Windows 10 Home) NS14A2IN246P Thin and Light Laptop,73990,79990,0,8,256,Windows 10,35.56 cm (14 inch) Display
458,DELL,Inspiron Core i5 11th Gen - (8 GB/512 GB SSD/Windows 10) Inspiron 5410 2 in 1 Laptop,73900,82300,4.5,8,512,Windows 10,35.56 cm (14 inches) Touchscreen Display
461,DELL,Core i5 11th Gen - (8 GB/512 GB SSD/Windows 10 Home) 5502 Laptop,73499,85000,0,8,512,Windows 10,39.62 cm (15.6 inch) Display
464,HP,Pavilion Core i5 12th Gen - (16 GB/512 GB SSD/Windows 11 Home) EG2036TU Thin and Light Laptop,73190,83553,0,16,512,Windows 11,39.62 cm (15.6 inch) Display
467,ASUS,Zenbook 14 (2021) Core i5 11th Gen - (8 GB/512 GB SSD/Windows 10 Home) UX425EA-KI501TS Thin and L...,72990,90990,4.7,8,512,Windows 10,35.56 cm (14 inch) Display
470,HP,Pavilion Ryzen 5 Hexa Core 5600H - (8 GB/512 GB SSD/Windows 11 Home/4 GB Graphics/NVIDIA GeForce GT...,72990,81869,4.5,8,512,Windows 11,39.62 cm (15.6 inch) Display
473,DELL,Inspiron Core i5 11th Gen - (16 GB/512 GB SSD/Windows 11 Home) INSPIRON 3511 Thin and Light Lapto...,72990,83022,4.5,16,512,Windows 11,39.62 cm (15.6 Inch) Display
476,HP,14s Core i7 10th Gen - (8 GB/512 GB SSD/Windows 10 Home) 14s-dr1006TU Thin and Light Laptop,72949,73100,4.4,8,512,Windows 10,35.56 cm (14 inch) Display
479,Lenovo,Ideapad Gaming 3 Core i5 11th Gen - (8 GB/1 TB HDD/256 GB SSD/Windows 11 Home/4 GB Graphics/NVI...,72490,79739,0,8,1000,Windows 11,39.62 cm (15.6 inch) Display
482,Lenovo,Ideapad Gaming 3 Core i5 11th Gen - (8 GB/1 TB HDD/256 GB SSD/Windows 11 Home/4 GB Graphics/NVI...,72490,79739,0,8,1000,Windows 11,39.62 cm (15.6 inch) Display
485,DELL,Inspiron Core i5 11th Gen - (8 GB/512 GB SSD/Windows 11 Home) Inspiron 5410 2 in 1 Laptop,72190,92549,4.1,8,512,Windows 11,35.56 cm (14 Inch) Touchscreen Display
488,HP,Pavilion Ryzen 7 Octa Core 5825U - (16 GB/512 GB SSD/Windows 11 Home) 14-EC1008AU Thin and Light La...,71999,82899,4.5,16,512,Windows 11,35.56 cm (14 inch) Display
491,ASUS,TUF Gaming F17 Core i5 11th Gen - (8 GB/512 GB SSD/Windows 10 Home/4 GB Graphics/NVIDIA GeForce R...,71990,115990,4.5,8,512,Windows 10,43.94 cm (17.3 inch) Display
494,DELL,Core i5 11th Gen - (16 GB/512 GB SSD/Windows 10) Inspiron 5418 Thin and Light Laptop,71090,89395,4.1,16,512,Windows 10,35.56 cm (14 Inch) Display
497,DELL,Inspiron 3505 Ryzen 7 Quad Core 3700U - (8 GB/512 GB SSD/Windows 10 Home) Inspiron 3505 Thin and ...,71000,0,4.4,8,512,Windows 10,39.62 cm (15.6 inch) Display
500,Lenovo,Legion 5 Core i5 10th Gen - (8 GB/512 GB SSD/Windows 11 Home/4 GB Graphics/NVIDIA GeForce RTX 3...,70990,78089,0,8,512,Windows 11,39.62 cm (15.6 inch) Display
503,Lenovo,IdeaPad 5 Pro Core i5 11th Gen - (16 GB/512 GB SSD/Windows 10 Home/2 GB Graphics) 14ITL6 Thin a...,70990,113290,4.2,16,512,Windows 10,35.56 cm (14 Inch) Display
506,HP,Pavilion Ryzen 5 Hexa Core 5500U - (16 GB/512 GB SSD/Windows 11 Home) 15-eh1108AU Thin and Light La...,69999,73840,4.9,16,512,Windows 11,39.62 cm (15.6 inch) Display
509,ASUS,ExpertBook P2 Core i5 10th Gen - (8 GB/512 GB SSD/DOS/2 GB Graphics) ExpertBook P2 P2451FB Thin a...,69990,0,0,8,512,DOS,35.56 cm (14 inch) Display
512,DELL,Inspiron Core i5 11th Gen - (8 GB/512 GB SSD/Windows 10 Home/2 GB Graphics) Inspiron 5502 Thin an...,69990,70474,4.4,8,512,Windows 10,39.62 cm (15.6 inch) Display
515,DELL,3511 Core i5 11th Gen - (8 GB/1 TB HDD/256 GB SSD/Windows 11 Home/2 GB Graphics) 3511 Laptop,69899,87000,0,8,1000,Windows 11,39.62 cm (15.6 inch) Display
518,Lenovo,Ideapad 5 Pro Ryzen 7 Octa Core 5800U - (16 GB/512 GB SSD/Windows 11 Home) 14ACN6 Thin and Ligh...,69498,108590,4.7,16,512,Windows 11,35.56 cm (14 inch) Display
521,ASUS,ExpertBook P2 Core i5 10th Gen - (8 GB/1 TB HDD/DOS/2 GB Graphics) ExpertBook P2 P2451FB Thin and...,69290,77990,0,8,,DOS,35.56 cm (14 inch) Display
524,Lenovo,Ideapad Slim 5i Core i5 11th Gen - (16 GB/512 GB SSD/Windows 10 Home/2 GB Graphics) 15 ITL 05 T...,68990,104890,4.2,16,512,Windows 10,39.62 cm (15.6 Inch) Display
527,DELL,Core i3 11th Gen - (8 GB/256 GB SSD/Windows 10) Inspiron 5410 2 In1 2 in 1 Laptop,68990,72246,4.3,8,256,Windows 10,35.56 cm (14 Inch) Touchscreen Display
530,Lenovo,Ideapad S540 Core i5 10th Gen - (8 GB/1 TB HDD/256 GB SSD/Windows 10 Home/2 GB Graphics) S540-1...,68949,93690,4.4,8,1000,Windows 10,39.62 cm (15.6 inch) Display
533,DELL,Core i5 11th Gen - (16 GB/512 GB SSD/Windows 10 Home) D560587WIN9S Laptop,68500,88627,3.3,16,512,Windows 10,39.62 cm (15.6 inch) Display
536,HP,Ryzen 5 Hexa Core - (8 GB/512 GB SSD/Windows 10 Home/4 GB Graphics/NVIDIA GeForce GTX Nvidia) Victu...,68100,78900,0,8,512,Windows 10,40.89 cm (16.1 inch) Display
539,ASUS,VivoBook K15 OLED (2021) Core i5 11th Gen - (16 GB/1 TB HDD/256 GB SSD/Windows 10 Home) K513EA-L5...,67990,100990,4.3,16,1000,Windows 10,39.62 cm (15.6 inch) Display
542,Lenovo,IdeaPad 5 Pro Core i5 11th Gen - (16 GB/512 GB SSD/Windows 10 Home) Ideapad 5 Pro14ITL6 U Thin ...,67990,104890,4.5,16,512,Windows 10,35.56 cm (14 inch) Display
545,DELL,Inspiron Core i5 11th Gen - (8 GB/1 TB HDD/256 GB SSD/Windows 10/2 GB Graphics) Inspiron 3511 Lap...,67989,74990,3.9,8,1000,Windows 10,39.62 cm (15.6 inches) Display
548,ASUS,Core i5 11th Gen - (16 GB/512 GB SSD/Windows 11 Home) K513EA-L513WS Laptop,67250,84990,0,16,512,Windows 11,39.62 cm (15.6 inch) Display
551,DELL,Inspiron Core i5 11th Gen - (8 GB/1 TB HDD/256 GB SSD/Windows 11 Home/2 GB Graphics) Inspiron 351...,66990,85668,3.9,8,1000,Windows 11,39.62 cm (15.6 Inch) Display
554,Lenovo,Legion 5 Core i5 10th Gen - (8 GB/512 GB SSD/Windows 10 Home/4 GB Graphics/NVIDIA GeForce GTX 1...,66490,93690,4.5,8,512,Windows 10,39.62 cm (15.6 Inch) Display
557,ASUS,Vivobook Gaming Core i7 10th Gen - (16 GB/1 TB HDD/256 GB SSD/Windows 10 Home/4 GB Graphics/NVIDI...,65990,97990,4.3,16,1000,Windows 10,39.62 cm (15.6 inch) Display
560,Lenovo,Legion Core i5 9th Gen - (8 GB/1 TB HDD/256 GB SSD/Windows 10 Home/4 GB Graphics) Y540-15IRH-PG...,65990,86690,4.3,8,1000,Windows 10,39.62 cm (15.6 inch) Display
563,HP,Pavilion Aero Laptop Ryzen 5 Hexa Core 5600U - (16 GB/512 GB SSD/Windows 11 Home) 13-BE0206AU Thin ...,65990,84990,4.3,16,512,Windows 11,33.78 cm (13.3 inch) Display
566,ASUS,VivoBook Pro 14 OLED (2022) Core i5 11th Gen - (16 GB/512 GB SSD/Windows 11 Home/Intel Integrated...,65990,90990,4.1,16,512,Windows 11,35.56 cm (14 inch) Display
569,Lenovo,IdeaPad Gaming 3 Core i5 11th Gen - (8 GB/512 GB SSD/Windows 10 Home/4 GB Graphics/NVIDIA GeFor...,65990,93690,3.8,8,512,Windows 10,39.62 cm (15.6 inch) Display
572,Avita,Liber Core i5 7th Gen - (8 GB/512 GB SSD/Windows 10 Home) NS13A1IN013P Thin and Light Laptop,65556,79990,0,8,512,Windows 10,33.78 cm (13.3 inch) Display
575,DELL,Inspiron Core i3 11th Gen - (8 GB/512 GB SSD/Windows 10) Inspiron 5410 2 in 1 Laptop,65500,69175,4.3,8,512,Windows 10,35.56 cm (14 inches) Touchscreen Display
578,realme,Book Prime Core i5 11th Gen - (16 GB/512 GB SSD/Windows 11 Home) CloudPro002 Thin and Light Lap...,64990,74999,4.2,16,512,Windows 11,35.56 cm (14 inch) Display
581,ASUS,Vivobook Gaming Core i7 10th Gen - (16 GB/512 GB SSD/Windows 10 Home/4 GB Graphics/NVIDIA GeForce...,64990,94990,4.3,16,512,Windows 10,39.62 cm (15.6 inch) Display
584,HP,Core i5 11th Gen - (8 GB/512 GB SSD/Windows 11 Home/2 GB Graphics) 15s-du3519TX Thin and Light Lapt...,64990,73034,4,8,512,Windows 11,39.62 cm (15.6 Inch) Display
587,Lenovo,Ideapad 330 Core i5 8th Gen - (8 GB + 16 GB Optane/1 TB HDD/Windows 10 Home/4 GB Graphics/NVIDI...,64949,64999,4.2,8,,Windows 10,39.62 cm (15.6 inch) Display
590,Lenovo,Core i5 7th Gen - (8 GB/1 TB HDD/Windows 10 Home/4 GB Graphics) IP 520 Laptop,64699,64715,4,8,,Windows 10,39.62 cm (15.6 inch) Display
593,Lenovo,Legion Y540 Core i5 9th Gen - (8 GB/1 TB HDD/256 GB SSD/Windows 10 Home/4 GB Graphics/NVIDIA Ge...,64390,86690,4.4,8,1000,Windows 10,39.62 cm (15.6 inch) Display
596,HP,Pavilion Core i5 11th Gen - (8 GB/512 GB SSD/Windows 11 Home) 15-eg1000TU Thin and Light Laptop,63990,74414,4.3,8,512,Windows 11,39.62 cm (15.6 Inch) Display
599,ASUS,Vivobook 15 K513 Core i5 11th Gen - (8 GB/1 TB HDD/256 GB SSD/Windows 10 Home) K513EA-L503TS Lapt...,63990,81990,0,8,1000,Windows 10,39.62 cm (15.6 inch) Display
602,ASUS,VivoBook Core i5 11th Gen - (8 GB/1 TB HDD/256 GB SSD/Windows 10 Home) K513EP-BQ513TS Thin and Li...,63990,81990,5,8,1000,Windows 10,39.62 cm (15.6 inch) Display
605,HP,14s Core i5 10th Gen - (8 GB/1 TB HDD/256 GB SSD/Windows 10 Home) 14S-ER0003TU Thin and Light Lapto...,63949,64819,4.4,8,1000,Windows 10,35.56 cm (14 inch) Display
608,Lenovo,Ideapad Slim 5i Core i5 11th Gen - (8 GB/1 TB HDD/256 GB SSD/Windows 10 Home/2 GB Graphics) ide...,63490,93690,4.2,8,1000,Windows 10,39.62 cm (15.6 inch) Display
611,HP,Pavilion Core i5 11th Gen - (8 GB/512 GB SSD/Windows 10 Home) 15-eg0547TU Thin and Light Laptop,62990,75023,4.3,8,512,Windows 10,39.62 cm (15.6 inch) Display
614,acer,Aspire 7 Core i5 12th Gen - (8 GB/512 GB SSD/Windows 11 Home/4 GB Graphics/NVIDIA GeForce GTX 165...,62990,89999,0,8,512,Windows 11,39.62 cm (15.6 inch) Display
617,ASUS,VivoBook 14 (2022) Core i5 12th Gen - (16 GB/512 GB SSD/Windows 11 Home) X1402ZA-EB511WS Thin and...,62990,82990,0,16,512,Windows 11,35.56 cm (14 inch) Display
620,ASUS,ASUS Vivobook 13 Slate OLED Pentium Quad Core - (8 GB/256 GB SSD/Windows 11 Home) T3300KA-LQ111WS...,62990,78990,3.1,8,256,Windows 11,33.78 cm (13.3 Inch) Touchscreen Display
623,Vaio,SE Series Core i5 8th Gen - (8 GB/512 GB SSD/Windows 10 Home) NP14V1IN004P Thin and Light Laptop,62890,84690,3.9,8,512,Windows 10,35.56 cm (14 inch) Display
626,DELL,Vostro Core i5 11th Gen - (8 GB/1 TB HDD/256 GB SSD/Windows 10) Vostro 3400 Thin and Light Laptop,61990,68900,0,8,1000,Windows 10,35.56 cm (14 Inch) Display
629,HP,HP Pavilion Ryzen 5 Hexa Core 4600H - (8 GB/512 GB SSD/Windows 10 Home/4 GB Graphics/NVIDIA GeForce...,61990,76020,4.4,8,512,Windows 10,39.62 cm (15.6 inch) Display
632,HP,Pavilion x360 Core i5 8th Gen - (8 GB/1 TB HDD/Windows 10 Home) 14-dh0150TU 2 in 1 Laptop,61949,63879,4.3,8,,Windows 10,35.56 cm (14 inch) Touchscreen Display
635,Lenovo,Ideapad S340 Core i5 10th Gen - (8 GB/1 TB HDD/256 GB SSD/Windows 10 Home) S340-14IIL Thin and ...,61699,75000,4.2,8,1000,Windows 10,35.56 cm (14 inch) Display
638,MSI,Bravo Ryzen 5 Hexa Core 5600H - (8 GB/512 GB SSD/Windows 10 Home/4 GB Graphics/AMD Radeon RX5500M/...,61490,83990,4.5,8,512,Windows 10,39.62 cm (15.6 inch) Display
641,Lenovo,Core i5 10th Gen - (8 GB/1 TB HDD/Windows 10 Home/4 GB Graphics/NVIDIA GeForce GTX NVIDIA GeFor...,60990,78990,0,8,,Windows 10,39.62 cm (15.6 inch) Display
644,Lenovo,IdeaPad Gaming Core i5 10th Gen - (8 GB/1 TB HDD/Windows 10 Home/4 GB Graphics/NVIDIA GeForce G...,60990,78290,4,8,,Windows 10,39.62 cm (15.6 Inch) Display
647,DELL,Inspiron Core i5 11th Gen - (8 GB/1 TB HDD/256 GB SSD/Windows 10) 3511 Laptop,60990,64360,4,8,1000,Windows 10,39.62 cm (15.6 inches) Display
650,DELL,Inspiron Core i5 11th Gen - (8 GB/512 GB SSD/Windows 11 Home) Inspiron 3511 Thin and Light Laptop,60400,76000,4.2,8,512,Windows 11,39.62 cm (15.6 inch) Display
653,Lenovo,Ideapad 530s Core i5 8th Gen - (8 GB/512 GB SSD/Windows 10 Home/2 GB Graphics) 530S-15IKB Thin ...,59999,80000,4.4,8,512,Windows 10,39.62 cm (15.6 inch) Display
656,ASUS,Ryzen 5 Dual Core 5th Gen - (8 GB/512 GB SSD/Windows 11 Home/4 GB Graphics/NVIDIA GeForce GTX 165...,59990,76990,0,8,512,Windows 11,39.62 cm (15.6 inch) Display
659,HP,Pavilion Gaming Ryzen 5 Quad Core 3550H - (8 GB/512 GB SSD/Windows 10 Home/4 GB Graphics/NVIDIA GeF...,59990,0,4.4,8,512,Windows 10,39.62 cm (15.6 inch) Display
662,ASUS,TUF Gaming F15 Core i5 10th Gen - (8 GB/512 GB SSD/Windows 10 Home/4 GB Graphics/NVIDIA GeForce G...,59990,81990,4.5,8,512,Windows 10,39.62 cm (15.6 Inch) Display
665,ASUS,VivoBook Ultra 14 Core i5 11th Gen - (8 GB/512 GB SSD/Windows 10 Home) X413EA-EK511TS Thin and Li...,59990,73990,4.4,8,512,Windows 10,35.56 cm (14 inch) Display
668,realme,Book(Slim) Intel Evo Core i5 11th Gen - (8 GB/512 GB SSD/Windows 10 Home) RMNB1002 Thin and Lig...,59990,69999,4.4,8,512,Windows 10,35.56 cm (14 inch) Display
671,acer,Aspire 5 Core i5 8th Gen - (8 GB + 16 GB Optane/1 TB HDD/Windows 10 Home/2 GB Graphics) A515-52G-...,59990,62511,4.1,8,,Windows 10,39.62 cm (15.6 inch) Display
674,HP,Ryzen 5 Hexa Core - (8 GB/512 GB SSD/Windows 11 Home/4 GB Graphics/NVIDIA GeForce GTX NVIDIA GeForc...,59800,79519,0,8,512,Windows 11,39.62 cm (15.6 inch) Display
677,DELL,Vostro Core i5 11th Gen - (8 GB/1 TB HDD/256 GB SSD/Windows 11 Home) Vostro 3400 Thin and Light L...,59190,74066,3.9,8,1000,Windows 11,35.56 cm (14 inch) Display
680,ASUS,VivoBook Ultra Ryzen 5 Hexa Core 5500U - (8 GB/512 GB SSD/Windows 10 Home) KM413UA-EB501TS Thin a...,58990,73990,4.4,8,512,Windows 10,35.56 cm (14 inch) Display
683,Lenovo,ThinkBook 13s Core i5 11th Gen - (8 GB/1 TB SSD/Windows 10 Home) TB13s ITL Gen 2 Thin and Light...,58990,121608,3.6,8,1000,Windows 10,33.78 cm (13.3 inch) Display
686,ASUS,VivoBook Ultra K14 (2021) Ryzen 5 Hexa Core 5500U - (8 GB/512 GB SSD/Windows 10 Home) KM413UA-EB5...,58990,73990,4.4,8,512,Windows 10,35.56 cm (14 inch) Display
689,Lenovo,Ideapad Slim 5 Ryzen 7 Octa Core 4700U - (8 GB/512 GB SSD/Windows 10 Home) 14ARE05 Thin and Lig...,58990,60990,4.4,8,512,Windows 10,35.56 cm (14 inch) Display
692,HP,Ryzen 3 Hexa Core 4th Gen - (8 GB/512 GB SSD/Windows 10/4 GB Graphics/NVIDIA GeForce GTX 1650) 15-E...,58500,78000,0,8,512,Windows 10,39.62 cm (15.6 inch) Display
695,ASUS,Vivobook 15 Core i5 12th Gen - (8 GB/512 GB SSD/Windows 11 Home) X1502ZA-BQ502WS Laptop,58490,72990,0,8,512,Windows 11,39.62 cm (15.6 inch) Display
698,HP,Core i5 11th Gen - (8 GB/512 GB SSD/Windows 11 Home) 14s-ef1001tu Thin and Light Laptop,58480,81684,4.2,8,512,Windows 11,35.56 cm (14 Inch) Display
701,MSI,GF63 Thin Core i5 9th Gen - (8 GB/512 GB SSD/Windows 10 Home/4 GB Graphics/NVIDIA GeForce GTX 1650...,57999,94990,4.5,8,512,Windows 10,39.62 cm (15.6 inch) Display
704,ASUS,VivoBook Ultra 14 Core i5 10th Gen - (8 GB + 32 GB Optane/512 GB SSD/Windows 10 Home/2 GB Graphic...,57990,68990,4.4,8,512,Windows 10,35.56 cm (14 inch) Display
707,ASUS,Vivobook Gaming Core i5 9th Gen - (8 GB/1 TB HDD/256 GB SSD/Windows 10 Home/4 GB Graphics/NVIDIA ...,57990,77990,4.3,8,1000,Windows 10,39.62 cm (15.6 inch) Display
710,Lenovo,Ideapad Slim 5i Core i5 11th Gen - (8 GB/512 GB SSD/Windows 10 Home) 14ITL05U2a Thin and Light ...,57990,88090,4.1,8,512,Windows 10,35.56 cm (14 inch) Display
713,HP,15s Ryzen 7 Quad Core 3700U - (8 GB/512 GB SSD/Windows 10 Home) 15s-eq0132AU Thin and Light Laptop,57949,59300,4.5,8,512,Windows 10,39.62 cm (15.6 inch) Display
716,HP,Pavilion Core i5 11th Gen - (8 GB/512 GB SSD/Windows 11 Home) 14-dv1000TU Thin and Light Laptop,57890,74839,4.2,8,512,Windows 11,35.56 cm (14 inch) Display
719,Lenovo,IdeaPad Core i5 11th Gen - (8 GB/512 GB SSD/Windows 11 Home) 14ITL6 Thin and Light Laptop,57499,89790,3.8,8,512,Windows 11,35.56 cm (14 Inch) Display
722,HP,Core i5 12th Gen - (8 GB/512 GB SSD/Windows 11 Home) 15s-FQ5009TU Notebook,57390,65444,0,8,512,Windows 11,39.62 cm (15.6 inch) Display
725,Lenovo,Ideapad Flex 5 Core i3 11th Gen - (8 GB/512 GB SSD/Windows 10 Home) 14itl05 2 in 1 Laptop,56999,85000,3.5,8,512,Windows 10,35.56 cm (14 inch) Touchscreen Display
728,HP,Pavilion Ryzen 5 Hexa Core - (8 GB/512 GB SSD/Windows 11 Home) 14-ec0036AU Thin and Light Laptop,56990,70234,4.7,8,512,Windows 11,35.56 cm (14 inch) Display
731,ASUS,VivoBook K15 OLED (2022) Ryzen 5 Hexa Core 5500U - (16 GB/512 GB SSD/Windows 11 Home) KM513UA-L51...,56990,80990,4.5,16,512,Windows 11,39.62 cm (15.6 inch) Display
734,Lenovo,Ideapad S340 Core i5 10th Gen - (8 GB/1 TB HDD/256 GB SSD/Windows 10 Home) 81VV ideapad S340 -1...,56949,74790,4.2,8,1000,Windows 10,35.56 cm (14 inch) Display
737,DELL,Inspiron Core i5 11th Gen - (8 GB/256 GB SSD/Windows 11 Home) INSPIRON 3511 Thin and Light Laptop,56790,71578,3.8,8,256,Windows 11,39.62 cm (15.6 Inch) Display
740,DELL,Vostro Core i5 11th Gen - (8 GB/512 GB SSD/Windows 10) Vostro 3000 Thin and Light Laptop,56500,80700,4.1,8,512,Windows 10,35.56 cm (14 inch) Display
743,MSI,Modern 14 Core i5 10th Gen - (8 GB/512 GB SSD/Windows 10 Home) Modern 14 B10MW-423IN Laptop,56490,57240,4.5,8,512,Windows 10,35.56 cm (14 inch) Display
746,Lenovo,Core i5 11th Gen - (8 GB/512 GB SSD/Windows 11 Home) 15ITL6 Laptop,55999,84190,0,8,512,Windows 11,39.62 cm (15.6 inch) Display
749,ASUS,VivoBook Ultra 14 (2021) Core i5 11th Gen - (16 GB/512 GB SSD/Windows 11 Home) X413EA-EB533WS Thi...,55990,80990,4.3,16,512,Windows 11,35.56 cm (14 inch) Display
752,ASUS,VivoBook K15 OLED (2022) Ryzen 5 Hexa Core 5500U - (8 GB/1 TB HDD/256 GB SSD/Windows 11 Home) KM5...,55990,78990,4.5,8,1000,Windows 11,39.62 cm (15.6 inch) Display
755,ASUS,VivoBook Ultra 14 (2022) Core i5 11th Gen - (16 GB/512 GB SSD/Windows 11 Home) X413EA-EB532WS Thi...,55990,80990,4.3,16,512,Windows 11,35.56 cm (14 inch) Display
758,HP,Pavilion x360 Core i3 11th Gen - (8 GB/512 GB SSD/Windows 11 Home) 14-dy0186TU 2 in 1 Laptop,55990,69267,4.4,8,512,Windows 11,35.56 cm (14 inch) Display
761,DELL,Inspiron 3501 Core i3 10th Gen - (8 GB/256 GB SSD/Windows 10 Home) Inspiron 3501 Thin and Light L...,38890,55534,4.3,8,256,Windows 10,38.0 cm (14.96 Inch) Display
764,Lenovo,Ideapad 520 Core i5 8th Gen - (4 GB/1 TB HDD/Windows 10 Home/2 GB Graphics) 520-15IKB Laptop,55099,55139,4.8,4,,Windows 10,39.62 cm (15.6 inch) Display
767,HP,Pavilion Ryzen 5 Hexa Core 5500U - (8 GB/512 GB SSD/Windows 10 Home) 15-eh1101AU Thin and Light Lap...,54999,70419,4.5,8,512,Windows 10,39.62 cm (15.6 Inch) Display
770,DELL,Inspiron 3000 Core i5 10th Gen - (4 GB/1 TB HDD/256 GB SSD/Windows 10 Home) 3593 Laptop,54998,57217,4.5,4,1000,Windows 10,39.62 cm (15.6 inch) Display
773,HP,Pavilion Ryzen 5 Hexa Core 5625U - (8 GB/512 GB SSD/Windows 11 Home) 14-EC1003AU Thin and Light Lap...,54990,64342,4.6,8,512,Windows 11,35.56 cm (14 Inch) Display
776,Lenovo,Core i5 11th Gen - (8 GB/512 GB SSD/Windows 10 Home) V14 ITL G2 Thin and Light Laptop,54990,66470,4.4,8,512,Windows 10,35.56 cm (14 inch) Display
779,DELL,Vostro Core i5 11th Gen - (8 GB/1 TB HDD/Windows 10 Home) Vostro 3400 Thin and Light Laptop,54790,56126,3.6,8,,Windows 10,35.56 cm (14 inch) Display
782,Lenovo,IdeaPad Core i5 11th Gen - (8 GB/512 GB SSD/Windows 10 Home) 15 ITL 6 Thin and Light Laptop,54299,80490,4.2,8,512,Windows 10,39.62 cm (15.6 Inch) Display
785,MSI,GF63 Thin Core i5 10th Gen - (8 GB/1 TB HDD/Windows 10 Home/4 GB Graphics/NVIDIA GeForce GTX 1650 ...,53990,72990,4.1,8,,Windows 10,39.62 cm (15.6 inch) Display
788,HP,Pavilion x360 Core i3 11th Gen - (8 GB/256 GB SSD/Windows 10 Home) 14-dw1036TU 2 in 1 Laptop,53990,56282,4.4,8,256,Windows 10,35.56 cm (14 inch) Touchscreen Display
791,acer,Aspire 5 Core i5 11th Gen - (8 GB/512 GB SSD/Windows 10 Home) A515-56-5695 Thin and Light Laptop,53990,63073,4.2,8,512,Windows 10,39.62 cm (15.6 inch) Display
794,HP,Core i3 10th Gen - (8 GB/512 GB SSD/Windows 10 Pro) 240 G8 Laptop,53499,57948,0,8,512,Windows 10,35.56 cm (14 inch) Display
797,acer,Travelmate Core i5 11th Gen - (8 GB/1 TB HDD/256 GB SSD/Windows 10 Home) TravelMate P214-53 Noteb...,52990,60000,3.6,8,1000,Windows 10,35.56 cm (14 inches) Display
800,Smartron,t.book flex Core i5 7th Gen - (4 GB/128 GB SSD/Windows 10 Home) T1224 2 in 1 Laptop,52990,55999,3.5,4,128,Windows 10,30.99 cm (12.2 inch) Touchscreen Display
803,acer,Aspire 7 Core i5 10th Gen - (8 GB/512 GB SSD/Windows 10 Home/4 GB Graphics/NVIDIA GeForce GTX 165...,52990,89999,4.4,8,512,Windows 10,39.62 cm (15.6 inch) Display
806,HP,14s Core i5 10th Gen - (8 GB/512 GB SSD/Windows 10 Home) 14s-cs3010TU Laptop,52890,54671,4.4,8,512,Windows 10,35.56 cm (14 inch) Display
809,HP,Core i5 11th Gen - (8 GB/512 GB SSD/Windows 11 Home) 15s-du3517TU Thin and Light Laptop,52790,70171,4.3,8,512,Windows 11,39.62 cm (15.6 inch) Display
812,HP,15s Core i5 10th Gen - (4 GB/1 TB HDD/256 GB SSD/Windows 10 Home) 15s-du2077TU Laptop,52449,54679,4.3,4,1000,Windows 10,39.62 cm (15.6 inch) Display
815,DELL,Ryzen 5 Quad Core - (8 GB/1 TB HDD/256 GB SSD/Windows 10) 3515 Laptop,51990,66560,4.3,8,1000,Windows 10,39.62 cm (15.6 inch) Display
818,HP,Core i5 11th Gen - (8 GB/512 GB SSD/Windows 11 Home) FQ4022TU Thin and Light Laptop,51990,65000,0,8,512,Windows 11,39.62 cm (15.6 inch) Display
821,HP,14s Ryzen 5 Hexa Core 5500U - (8 GB/512 GB SSD/Windows 10 Home) 14s-fq1030AU Thin and Light Laptop,51900,60000,4.4,8,512,Windows 10,35.56 cm (14 Inch) Display
824,Avita,Pura Ryzen 5 Quad Core 3500U - (8 GB/512 GB SSD/Windows 10 Home in S Mode) NS14A6INV561-PDGYB Th...,51490,0,4.2,8,512,Windows 10,35.56 cm (14 inch) Display
827,Avita,Pura Ryzen 5 Quad Core 3500U - (8 GB/512 GB SSD/Windows 10 Home in S Mode) NS14A6INV561-SGGYB Th...,51490,0,4.2,8,512,Windows 10,35.56 cm (14 inch) Display
830,HP,Core i5 11th Gen - (8 GB/512 GB SSD/Windows 11 Home) 15s-fq4022TU Thin and Light Laptop,50999,63020,4.3,8,512,Windows 11,39.62 cm (15.6 Inch) Display
833,ASUS,VivoBook 15 (2022) Core i5 11th Gen - (8 GB/1 TB HDD/256 GB SSD/Windows 11 Home) X515EA-EJ502WS T...,50990,72990,4.3,8,1000,Windows 11,39.62 cm (15.6 inch) Display
836,ASUS,VivoBook 15 (2022) Core i5 11th Gen - (8 GB/1 TB HDD/256 GB SSD/Windows 10 Home) X515EA-EJ502TS T...,50990,70990,4.3,8,1000,Windows 10,39.62 cm (15.6 inch) Display
839,HP,Pavilion x360 14 Core i3 10th Gen - (4 GB/256 GB SSD/Windows 10 Home) 14-dh1007TU 2 in 1 Laptop,50949,51735,4.4,4,256,Windows 10,35.56 cm (14 inch) Touchscreen Display
842,Lenovo,Ideapad Slim 3 Core i3 11th Gen - (8 GB/512 GB SSD/Windows 10 Home) IdeaPad 3 14ITL6 Ub 2 in 1 ...,50001,60790,4.3,8,512,Windows 10,35.56 cm (14 inch) Display
845,Lenovo,Ideapad S145 Core i3 8th Gen - (8 GB/1 TB HDD/Windows 10 Home/2 GB Graphics/NVIDIA GeForce NVID...,49999,50000,0,8,,Windows 10,39.62 cm (15.6 inch) Display
848,Lenovo,Ideapad 3 Core i5 10th Gen - (8 GB/512 GB SSD/Windows 11 Home/2 GB Graphics) 15IML05 Laptop,49990,76890,0,8,512,Windows 11,39.62 cm (15.6 inch) Display
851,acer,Aspire 5 Core i5 11th Gen - (8 GB/1 TB HDD/256 GB SSD/Windows 10 Home) A515-56 Thin and Light Lap...,49990,64999,4,8,1000,Windows 10,39.62 cm (15.6 inch) Display
854,ASUS,VivoBook 14 (2022) Core i5 11th Gen - (8 GB/1 TB HDD/256 GB SSD/Windows 11 Home) X415EA-EB572WS T...,49990,72990,4.1,8,1000,Windows 11,35.56 cm (14 inch) Display
857,ASUS,Core i5 10th Gen - (8 GB/512 GB SSD/Windows 10 Home/2 GB Graphics) X515JF-BQ521T Thin and Light L...,49990,64990,4.3,8,512,Windows 10,39.62 cm (15.6 inch) Display
860,ASUS,Vivobook14 Core i5 11th Gen - (8 GB/256 GB SSD/Windows 10 Home) X415EA-EK68TS Thin and Light Lapt...,49800,66990,0,8,256,Windows 10,35.81 cm (14.1 inch) Display
863,acer,Aspire 3 Core i5 11th Gen - (8 GB/1 TB HDD/Windows 11 Home) A315-58 Notebook,49599,57999,0,8,,Windows 11,39.62 cm (15.6 Inch) Display
866,DELL,Inspiron Core i3 11th Gen - (8 GB/1 TB HDD/256 GB SSD/Windows 10 Home) Inspiron 3511 Thin and Lig...,48990,55890,4,8,1000,Windows 10,39.62 cm (15.6 inch) Display
869,DELL,Insprion 3501 Core i3 11th Gen - (8 GB/1 TB HDD/Windows 10 Home) D560423WIN9S Laptop,48990,51735,4.2,8,,Windows 10,39.62 cm (15.6 inch) Display
872,Lenovo,IdeaPad 3 Core i3 11th Gen - (8 GB/512 GB SSD/Windows 10 Home) 15ITL6 Thin and Light Laptop,48500,63790,4.4,8,512,Windows 10,39.62 cm (15.6 inch) Display
875,Lenovo,IdeaPad 3 Core i5 10th Gen - (8 GB/512 GB SSD/Windows 10 Home) 15IML05 Thin and Light Laptop,48490,64290,4.1,8,512,Windows 10,39.62 cm (15.6 Inch) Display
878,ASUS,VivoBook 15 (2022) Core i5 10th Gen - (8 GB/512 GB SSD/Windows 11 Home) X515JA-EJ562WS Thin and L...,47990,74328,4.1,8,512,Windows 11,39.62 cm (15.6 inch) Display
881,ASUS,VivoBook 14 (2022) Core i3 12th Gen - (8 GB/512 GB SSD/Windows 11 Home) X1402ZA-EB312WS Thin and ...,47990,62990,0,8,512,Windows 11,35.56 cm (14 inch) Display
884,HP,Pavilion x360 Core i3 10th Gen - (8 GB/256 GB SSD/Windows 10 Home) 14-dh1181TU 2 in 1 Laptop,47890,50098,4.5,8,256,Windows 10,35.56 cm (14 inch) Touchscreen Display
887,DELL,Core i3 10th Gen - (8 GB/1 TB HDD/256 GB SSD/Windows 10) Inspiron 3511 Thin and Light Laptop,47590,59101,2.9,8,1000,Windows 10,39.62 cm (15.6 Inch) Display
890,MSI,Modern 14 Core i3 10th Gen - (8 GB/512 GB SSD/Windows 10 Home) Modern 14 B10MW-424IN Laptop,47490,52491,4.4,8,512,Windows 10,35.56 cm (14 inch) Display
893,acer,Aspire 5 Core i5 11th Gen - (8 GB/1 TB HDD/Windows 10 Home) A515-56 Thin and Light Laptop,47130,54999,4,8,,Windows 10,39.62 cm (15.6 inch) Display
896,ASUS,Core i5 10th Gen - (8 GB + 32 GB Optane/512 GB SSD/Windows 10 Home) X515JA-EJ562TS Thin and Light...,46990,62990,4.3,8,512,Windows 10,39.62 cm (15.6 inch) Display
899,ASUS,VivoBook 14 (2021) Ryzen 7 Quad Core 3700U - (16 GB/512 GB SSD/Windows 11 Home) M415DA-EB512WS Th...,46990,70990,4.2,16,512,Windows 11,35.56 cm (14 inch) Display
902,realme,Book (Slim) Core i3 11th Gen - (8 GB/256 GB SSD/Windows 10 Home) RMNB1001 Thin and Light Laptop,46990,54999,4.4,8,256,Windows 10,35.56 cm (14 inch) Display
905,ASUS,VivoBook K15 OLED (2022) Core i3 11th Gen - (8 GB/256 GB SSD/Windows 10 Home) K513EA-L302TS Thin ...,46990,58990,4.5,8,256,Windows 10,39.62 cm (15.6 inch) Display
908,MSI,Core i3 10th Gen - (8 GB/512 GB SSD/Windows 10 Home) Modern 14 B10MW-657IN Thin and Light Laptop,46490,55990,4.4,8,512,Windows 10,35.56 cm (14 inch) Display
911,ASUS,ASUS Vivobook 13 Slate OLED Pentium Quad Core - (4 GB/128 GB EMMC Storage/Windows 11 Home) T3300K...,45990,56990,2.3,4,,Windows 11,33.78 cm (13.3 inch) Touchscreen Display
914,acer,Aspire 5 Core i5 11th Gen - (8 GB/1 TB HDD/Windows 10 Home) A514-54 Thin and Light Laptop,45990,56999,3.7,8,,Windows 10,35.56 cm (14 inch) Display
917,ASUS,Vivobook Core i5 11th Gen - (8 GB/256 GB SSD/Windows 10 Home) X415EA-EB502TS Thin and Light Lapto...,45790,64990,4.8,8,256,Windows 10,35.56 cm (14 inch) Display
920,DELL,Inspiron Core i3 10th Gen - (8 GB/1 TB HDD/256 GB SSD/Windows 10) Inspiron 3511 Thin and Light La...,45290,60490,4.1,8,1000,Windows 10,39.62 cm (15.6 inch) Display
923,DELL,Inspiron Core i3 11th Gen - (8 GB/1 TB HDD/Windows 10) INSPIRON 3501 Thin and Light Laptop,44999,49000,4.1,8,,Windows 10,39.62 cm (15.6 inch) Display
926,ASUS,VivoBook 15 Core i5 10th Gen - (8 GB/1 TB HDD/Windows 10 Home) X515JA-EJ501T Thin and Light Lapto...,44990,55990,4,8,,Windows 10,39.62 cm (15.6 inch) Display
929,ASUS,Core i5 10th Gen - (8 GB/1 TB HDD/Windows 10 Home) X515JA-EJ502T Thin and Light Laptop,44990,55990,4,8,,Windows 10,39.62 cm (15.6 inch) Display
932,Lenovo,ThinkPad E15 Core i3 11th Gen - (4 GB/256 GB SSD/Windows 10 Home) E15 Laptop,44990,59239,4.3,4,256,Windows 10,39.62 cm (15.6 inch) Display
935,Infinix,X1 Slim Series Core i5 10th Gen - (16 GB/512 GB SSD/Windows 11 Home) XL21 Thin and Light Lapto...,44990,64999,0,16,512,Windows 11,35.56 cm (14 Inch) Display
938,HP,Envy x360 Ryzen 5 Hexa Core 5600U - (16 GB/512 GB SSD/Windows 11 Home) 13 x360-ay1035au 2 in 1 Lapt...,87999,98999,0,16,512,Windows 11,33.78 cm (13.3 inch) Touchscreen Display
941,HP,Pavilion Core i7 11th Gen - (16 GB/512 GB SSD/Windows 11 Home/4 GB Graphics/NVIDIA GeForce RTX RTX ...,87990,118776,4.8,16,512,Windows 11,39.62 cm (15.6 Inch) Display
944,Avita,Admiror Core i5 8th Gen - (8 GB/256 GB SSD/Windows 10 Home) NS14A5INF541-FC Notebook,87843,0,0,8,256,Windows 10,35.56 cm (14 inch) Touchscreen Display
947,ASUS,VivoBook Gaming (2020) Core i7 10th Gen - (8 GB/1 TB HDD/256 GB SSD/Windows 10 Home/4 GB Graphics...,87390,99990,4.3,8,1000,Windows 10,39.62 cm (15.6 inch) Display
950,LG,Gram Core i5 11th Gen - (8 GB/512 GB SSD/Windows 11 Home) Gram 16Z90P-G.AJ64A2 Thin and Light Lapto...,86990,130000,0,8,512,Windows 11,40.64 cm (16 inch) Display
953,Lenovo,Ideapad 720S Core i7 8th Gen - (8 GB/512 GB SSD/Windows 10 Home) 720S-13IKB Thin and Light Lapt...,86000,0,0,8,512,Windows 10,33.78 cm (13.3 inch) Display
956,ASUS,ASUS TUF Dash Core i5 11th Gen - (16 GB/512 GB SSD/Windows 10 Home/4 GB Graphics/NVIDIA GeForce R...,85990,114990,0,16,512,Windows 10,39.62 cm (15.6 inch) Display
959,SAMSUNG,Galaxy Book2 Core i5 12th Gen - (8 GB/512 GB SSD/Windows 11 Home/4 GB Graphics) NP750XEE-XB1IN...,85990,103490,0,8,512,Windows 11,39.62 cm (15.6 Inch) Display
962,MSI,GF65 Thin Core i7 10th Gen - (16 GB/1 TB SSD/Windows 10 Home/6 GB Graphics/NVIDIA GeForce RTX 3060...,91990,123990,4.4,16,1000,Windows 10,39.62 cm (15.6 inch) Display
965,Lenovo,IdeaPad 5 Pro Ryzen 7 Hexa Core - (16 GB/512 GB SSD/Windows 11 Home/4 GB Graphics/NVIDIA GeForc...,90999,137090,0,16,512,Windows 11,40.64 cm (16 Inch) Display
968,ASUS,ROG Strix G15 (2021) Ryzen 5 Hexa Core 5600H - (8 GB/1 TB SSD/Windows 10 Home/4 GB Graphics/NVIDI...,90490,114990,4.5,8,1000,Windows 10,39.62 cm (15.6 Inch) Display
971,acer,Nitro 5 Ryzen 5 Hexa Core 5600H - (16 GB/1 TB HDD/256 GB SSD/Windows 10 Home/6 GB Graphics/NVIDIA...,89990,129990,4.5,16,1000,Windows 10,39.62 cm (15.6 inch) Display
974,HP,Pavilion Gaming Core i7 11th Gen - (16 GB/512 GB SSD/Windows 10 Home/4 GB Graphics/NVIDIA GeForce G...,89800,107262,4.6,16,512,Windows 10,39.62 cm (15.6 inches) Display
977,HP,Envy 15 Core i5 10th Gen - (16 GB/512 GB SSD/Windows 10 Home/4 GB Graphics) 15-EP0143TX Laptop,88999,135000,0,16,512,Windows 10,39.62 cm (15.6 inch) Touchscreen Display
980,HP,Pavilion x360 Convertible Core i7 11th Gen - (16 GB/512 GB SSD/Windows 11 Home) 14-dy1047TU Thin an...,88190,92000,0,16,512,Windows 11,35.56 cm (14 inch) Touchscreen Display
983,HP,Envy x360 Ryzen 5 Hexa Core 5600U - (16 GB/512 GB SSD/Windows 11 Home) 13 x360-ay1035au 2 in 1 Lapt...,87999,98999,0,16,512,Windows 11,33.78 cm (13.3 inch) Touchscreen Display
986,Lenovo,IdeaPad 5 Core i5 11th Gen - (16 GB/512 GB SSD/Windows 11 Home/2 GB Graphics) 15ITL05 Thin and ...,96890,97890,4.5,16,512,Windows 11,39.62 cm (15.6 inch) Display
989,ASUS,Ryzen 7 Octa Core 7th Gen - (16 GB/1 TB SSD/Windows 10 Home/4 GB Graphics/NVIDIA GeForce RTX NVID...,95000,145000,0,16,1000,Windows 10,34.04 cm (13.4 inch) Touchscreen Display
992,ASUS,TUF Gaming F17 Core i7 11th Gen - (16 GB/512 GB SSD/Windows 10 Home/4 GB Graphics/NVIDIA GeForce ...,94990,101990,4.5,16,512,Windows 10,43.94 cm (17.3 inch) Display
995,ASUS,TUF Gaming F17 (2022) Core i5 12th Gen - (16 GB/512 GB SSD/Windows 11 Home/4 GB Graphics/NVIDIA G...,94990,113990,0,16,512,Windows 11,43.94 cm (17.3 Inch) Display
998,Lenovo,Ideapad L340 Core i5 9th Gen - (8 GB/1 TB HDD/Windows 10 Home/4 GB Graphics/NVIDIA GeForce GTX ...,94949,97890,4.1,8,,Windows 10,39.62 cm (15.6 inch) Display
